AREA,,綠
災害,0.37810468673706055,0.26216766238212585
維生基礎設施,0.2918873131275177,0.33834874629974365
水資源,0.3083844482898712,0.2757752537727356
土地使用,0.3656245172023773,0.31629687547683716
海岸,0.41541197896003723,0.2967299222946167
能源,0.40345513820648193,0.3511849641799927
農業生產,0.3068868815898895,0.3399612605571747
生物多樣性,0.3317214548587799,0.3699750304222107
健康,0.3793796896934509,0.3268483877182007
